projectId,projectName,projectFile,group,formatKey,status,generationMs,issueCount,issues,issueDetails,criticalIssues,warningIssues,infoIssues,hasTextOverflow,hasSafeZoneViolation,hasOverlap,hasContrastWarning,deterministicMatch,previewPath,previewFile,sceneHash,outputHash
"38bd1f6b-7a45-48b1-bbd0-ecfdb205faf7","novyy-proekt","novyy-proekt (1).json","vk","vk-square","minor","5.31","3","WCAG AA contrast: fail (min ratio 1.21 (thresholds: fail < 3.0, warn < 4.5, pass >= 4.5)) | image: Image below fold (safe area) | image: outside canvas (6.0%)","{""message"":""WCAG AA contrast: fail (min ratio 1.21 (thresholds: fail < 3.0, warn < 4.5, pass >= 4.5))"",""severity"":""warning"",""reason"":""WCAG AA contrast""} | {""message"":""image: Image below fold (safe area)"",""severity"":""warning"",""reason"":""safe zone""} | {""message"":""image: outside canvas (6.0%)"",""severity"":""warning"",""reason"":""image""}","","WCAG AA contrast: fail (min ratio 1.21 (thresholds: fail < 3.0, warn < 4.5, pass >= 4.5)) | image: Image below fold (safe area) | image: outside canvas (6.0%)","","false","true","false","true","true","experiment/results/previews/38bd1f6b-7a45-48b1-bbd0-ecfdb205faf7_vk-square.svg","38bd1f6b-7a45-48b1-bbd0-ecfdb205faf7_vk-square.svg","4835b3ceb31f0d947a6e308b4f4a5c10160c3103c50489468c8f93020a8f87ab","96a6913ca734590c313cf7a6bd9c9a960f498e688b5f2f34398bdedca61ee820"
"38bd1f6b-7a45-48b1-bbd0-ecfdb205faf7","novyy-proekt","novyy-proekt (1).json","vk","vk-vertical","minor","1","3","WCAG AA contrast: fail (min ratio 1.21 (thresholds: fail < 3.0, warn < 4.5, pass >= 4.5)) | image: Image below fold (safe area) | image: outside canvas (6.0%)","{""message"":""WCAG AA contrast: fail (min ratio 1.21 (thresholds: fail < 3.0, warn < 4.5, pass >= 4.5))"",""severity"":""warning"",""reason"":""WCAG AA contrast""} | {""message"":""image: Image below fold (safe area)"",""severity"":""warning"",""reason"":""safe zone""} | {""message"":""image: outside canvas (6.0%)"",""severity"":""warning"",""reason"":""image""}","","WCAG AA contrast: fail (min ratio 1.21 (thresholds: fail < 3.0, warn < 4.5, pass >= 4.5)) | image: Image below fold (safe area) | image: outside canvas (6.0%)","","false","true","false","true","true","experiment/results/previews/38bd1f6b-7a45-48b1-bbd0-ecfdb205faf7_vk-vertical.svg","38bd1f6b-7a45-48b1-bbd0-ecfdb205faf7_vk-vertical.svg","ddd9b35d062329420dafde54f9342d16c2cabf16adc57790793af45fec5cb681","740850408d58ce0b715259c6cf43f5bd32b33f2e9313dfcab77f8668046e3aaf"
"38bd1f6b-7a45-48b1-bbd0-ecfdb205faf7","novyy-proekt","novyy-proekt (1).json","vk","vk-landscape","minor","1.55","1","WCAG AA contrast: fail (min ratio 1.21 (thresholds: fail < 3.0, warn < 4.5, pass >= 4.5))","{""message"":""WCAG AA contrast: fail (min ratio 1.21 (thresholds: fail < 3.0, warn < 4.5, pass >= 4.5))"",""severity"":""warning"",""reason"":""WCAG AA contrast""}","","WCAG AA contrast: fail (min ratio 1.21 (thresholds: fail < 3.0, warn < 4.5, pass >= 4.5))","","false","false","false","true","true","experiment/results/previews/38bd1f6b-7a45-48b1-bbd0-ecfdb205faf7_vk-landscape.svg","38bd1f6b-7a45-48b1-bbd0-ecfdb205faf7_vk-landscape.svg","a01df08cc14aba6ca70609cb69ce0c5c46ea2040b672d3ea88314304814172c6","80240d8a024cdecabdff34e475b642dc157d7ba9470623f862c2531a4e20bcc6"
"38bd1f6b-7a45-48b1-bbd0-ecfdb205faf7","novyy-proekt","novyy-proekt (1).json","vk","vk-stories","minor","0.86","3","WCAG AA contrast: fail (min ratio 1.21 (thresholds: fail < 3.0, warn < 4.5, pass >= 4.5)) | image: Image below fold (safe area) | image: outside canvas (12.0%)","{""message"":""WCAG AA contrast: fail (min ratio 1.21 (thresholds: fail < 3.0, warn < 4.5, pass >= 4.5))"",""severity"":""warning"",""reason"":""WCAG AA contrast""} | {""message"":""image: Image below fold (safe area)"",""severity"":""warning"",""reason"":""safe zone""} | {""message"":""image: outside canvas (12.0%)"",""severity"":""warning"",""reason"":""image""}","","WCAG AA contrast: fail (min ratio 1.21 (thresholds: fail < 3.0, warn < 4.5, pass >= 4.5)) | image: Image below fold (safe area) | image: outside canvas (12.0%)","","false","true","false","true","true","experiment/results/previews/38bd1f6b-7a45-48b1-bbd0-ecfdb205faf7_vk-stories.svg","38bd1f6b-7a45-48b1-bbd0-ecfdb205faf7_vk-stories.svg","03911aa8bfb608cbbcf549101b71a9b1c2add03defc57e99090361cb6ff9a478","755e90417f86fecef64177c05314fc095eeea404ae9d31bdd034d66d1cac7b6e"
"38bd1f6b-7a45-48b1-bbd0-ecfdb205faf7","novyy-proekt","novyy-proekt (1).json","telegram","telegram-story","minor","0.93","3","WCAG AA contrast: fail (min ratio 1.21 (thresholds: fail < 3.0, warn < 4.5, pass >= 4.5)) | image: Image below fold (safe area) | image: outside canvas (12.0%)","{""message"":""WCAG AA contrast: fail (min ratio 1.21 (thresholds: fail < 3.0, warn < 4.5, pass >= 4.5))"",""severity"":""warning"",""reason"":""WCAG AA contrast""} | {""message"":""image: Image below fold (safe area)"",""severity"":""warning"",""reason"":""safe zone""} | {""message"":""image: outside canvas (12.0%)"",""severity"":""warning"",""reason"":""image""}","","WCAG AA contrast: fail (min ratio 1.21 (thresholds: fail < 3.0, warn < 4.5, pass >= 4.5)) | image: Image below fold (safe area) | image: outside canvas (12.0%)","","false","true","false","true","true","experiment/results/previews/38bd1f6b-7a45-48b1-bbd0-ecfdb205faf7_telegram-story.svg","38bd1f6b-7a45-48b1-bbd0-ecfdb205faf7_telegram-story.svg","03911aa8bfb608cbbcf549101b71a9b1c2add03defc57e99090361cb6ff9a478","4cf6ec67f960179404015f9f7d4bfff9c736c3805fad5755486f806b6374b273"
"38bd1f6b-7a45-48b1-bbd0-ecfdb205faf7","novyy-proekt","novyy-proekt (1).json","instagram","instagram-story","minor","1.02","3","WCAG AA contrast: fail (min ratio 1.21 (thresholds: fail < 3.0, warn < 4.5, pass >= 4.5)) | image: Image below fold (safe area) | image: outside canvas (14.0%)","{""message"":""WCAG AA contrast: fail (min ratio 1.21 (thresholds: fail < 3.0, warn < 4.5, pass >= 4.5))"",""severity"":""warning"",""reason"":""WCAG AA contrast""} | {""message"":""image: Image below fold (safe area)"",""severity"":""warning"",""reason"":""safe zone""} | {""message"":""image: outside canvas (14.0%)"",""severity"":""warning"",""reason"":""image""}","","WCAG AA contrast: fail (min ratio 1.21 (thresholds: fail < 3.0, warn < 4.5, pass >= 4.5)) | image: Image below fold (safe area) | image: outside canvas (14.0%)","","false","true","false","true","true","experiment/results/previews/38bd1f6b-7a45-48b1-bbd0-ecfdb205faf7_instagram-story.svg","38bd1f6b-7a45-48b1-bbd0-ecfdb205faf7_instagram-story.svg","dc7ccfd528c20ef32f88684875607642a83dc162463509ec394044d0c368c237","8832a103dd14e8fb89b0cffbcfe6513ba250c98ceb6bc65acb2b39f7f3d083ae"
"38bd1f6b-7a45-48b1-bbd0-ecfdb205faf7","novyy-proekt","novyy-proekt (1).json","wildberries","wb-card","minor","1.05","2","WCAG AA contrast: fail (min ratio 1.21 (thresholds: fail < 3.0, warn < 4.5, pass >= 4.5)) | title: Title sits on image without scrim","{""message"":""WCAG AA contrast: fail (min ratio 1.21 (thresholds: fail < 3.0, warn < 4.5, pass >= 4.5))"",""severity"":""warning"",""reason"":""WCAG AA contrast""} | {""message"":""title: Title sits on image without scrim"",""severity"":""info"",""reason"":""image""}","","WCAG AA contrast: fail (min ratio 1.21 (thresholds: fail < 3.0, warn < 4.5, pass >= 4.5))","title: Title sits on image without scrim","false","false","false","true","true","experiment/results/previews/38bd1f6b-7a45-48b1-bbd0-ecfdb205faf7_wb-card.svg","38bd1f6b-7a45-48b1-bbd0-ecfdb205faf7_wb-card.svg","d5b7e4997035fe5cf9c70a56f8f9c5f8e3f24e10d2f69fb2f838310f1143d8db","b472f970e5549cf615e6eccb710cecba927bd6892978e23da5fd307ba649164b"
"38bd1f6b-7a45-48b1-bbd0-ecfdb205faf7","novyy-proekt","novyy-proekt (1).json","wildberries","wb-infographic","minor","0.66","2","WCAG AA contrast: fail (min ratio 1.21 (thresholds: fail < 3.0, warn < 4.5, pass >= 4.5)) | title: Title sits on image without scrim","{""message"":""WCAG AA contrast: fail (min ratio 1.21 (thresholds: fail < 3.0, warn < 4.5, pass >= 4.5))"",""severity"":""warning"",""reason"":""WCAG AA contrast""} | {""message"":""title: Title sits on image without scrim"",""severity"":""info"",""reason"":""image""}","","WCAG AA contrast: fail (min ratio 1.21 (thresholds: fail < 3.0, warn < 4.5, pass >= 4.5))","title: Title sits on image without scrim","false","false","false","true","true","experiment/results/previews/38bd1f6b-7a45-48b1-bbd0-ecfdb205faf7_wb-infographic.svg","38bd1f6b-7a45-48b1-bbd0-ecfdb205faf7_wb-infographic.svg","5a33ddee6f5ad882ef67c92730fca1ab4e971b8e2996f3de01383b5e8be31950","4ccc8d0fb0a8370119d700a44972fbcdd48cb1c134f4ff2071a2d4a71e972a35"
"38bd1f6b-7a45-48b1-bbd0-ecfdb205faf7","novyy-proekt","novyy-proekt (1).json","ozon","ozon-card","minor","0.63","2","WCAG AA contrast: fail (min ratio 1.21 (thresholds: fail < 3.0, warn < 4.5, pass >= 4.5)) | title: Title sits on image without scrim","{""message"":""WCAG AA contrast: fail (min ratio 1.21 (thresholds: fail < 3.0, warn < 4.5, pass >= 4.5))"",""severity"":""warning"",""reason"":""WCAG AA contrast""} | {""message"":""title: Title sits on image without scrim"",""severity"":""info"",""reason"":""image""}","","WCAG AA contrast: fail (min ratio 1.21 (thresholds: fail < 3.0, warn < 4.5, pass >= 4.5))","title: Title sits on image without scrim","false","false","false","true","true","experiment/results/previews/38bd1f6b-7a45-48b1-bbd0-ecfdb205faf7_ozon-card.svg","38bd1f6b-7a45-48b1-bbd0-ecfdb205faf7_ozon-card.svg","d5b7e4997035fe5cf9c70a56f8f9c5f8e3f24e10d2f69fb2f838310f1143d8db","f5595711d334f11098c7e9382a465657607769f3fe3930fe6db06da2dab8f5e7"
"38bd1f6b-7a45-48b1-bbd0-ecfdb205faf7","novyy-proekt","novyy-proekt (1).json","ozon","ozon-fresh-square","minor","0.62","1","WCAG AA contrast: fail (min ratio 1.21 (thresholds: fail < 3.0, warn < 4.5, pass >= 4.5))","{""message"":""WCAG AA contrast: fail (min ratio 1.21 (thresholds: fail < 3.0, warn < 4.5, pass >= 4.5))"",""severity"":""warning"",""reason"":""WCAG AA contrast""}","","WCAG AA contrast: fail (min ratio 1.21 (thresholds: fail < 3.0, warn < 4.5, pass >= 4.5))","","false","false","false","true","true","experiment/results/previews/38bd1f6b-7a45-48b1-bbd0-ecfdb205faf7_ozon-fresh-square.svg","38bd1f6b-7a45-48b1-bbd0-ecfdb205faf7_ozon-fresh-square.svg","4e3db65e0ef7a6984eb75edd442de6fce0a107afaf55298d5f3303fd87598f29","6f213d68b36e1f881264f55a0b0e4df66f0226d7ed8527124457db55bd92c7f0"
"38bd1f6b-7a45-48b1-bbd0-ecfdb205faf7","novyy-proekt","novyy-proekt (1).json","yandex-market","yandex-market-card","minor","0.56","1","WCAG AA contrast: fail (min ratio 1.21 (thresholds: fail < 3.0, warn < 4.5, pass >= 4.5))","{""message"":""WCAG AA contrast: fail (min ratio 1.21 (thresholds: fail < 3.0, warn < 4.5, pass >= 4.5))"",""severity"":""warning"",""reason"":""WCAG AA contrast""}","","WCAG AA contrast: fail (min ratio 1.21 (thresholds: fail < 3.0, warn < 4.5, pass >= 4.5))","","false","false","false","true","true","experiment/results/previews/38bd1f6b-7a45-48b1-bbd0-ecfdb205faf7_yandex-market-card.svg","38bd1f6b-7a45-48b1-bbd0-ecfdb205faf7_yandex-market-card.svg","4e3db65e0ef7a6984eb75edd442de6fce0a107afaf55298d5f3303fd87598f29","a145e58fde243fd276729e939d8ab3f59c173fbcedb3fdb3f62f8572d6e1d781"
"38bd1f6b-7a45-48b1-bbd0-ecfdb205faf7","novyy-proekt","novyy-proekt (1).json","yandex-market","yandex-market-banner","minor","0.75","1","WCAG AA contrast: fail (min ratio 1.21 (thresholds: fail < 3.0, warn < 4.5, pass >= 4.5))","{""message"":""WCAG AA contrast: fail (min ratio 1.21 (thresholds: fail < 3.0, warn < 4.5, pass >= 4.5))"",""severity"":""warning"",""reason"":""WCAG AA contrast""}","","WCAG AA contrast: fail (min ratio 1.21 (thresholds: fail < 3.0, warn < 4.5, pass >= 4.5))","","false","false","false","true","true","experiment/results/previews/38bd1f6b-7a45-48b1-bbd0-ecfdb205faf7_yandex-market-banner.svg","38bd1f6b-7a45-48b1-bbd0-ecfdb205faf7_yandex-market-banner.svg","e297aef003bc894bfb1f4e1dae46fb88452f786b3ff824ac260522c098321678","09927c66a6867ab1b1d10ca2ead17d0c5d2da5772a0c5a0f88437643d8ca7c88"
"38bd1f6b-7a45-48b1-bbd0-ecfdb205faf7","novyy-proekt","novyy-proekt (1).json","yandex-market","yandex-market-stretch","minor","0.86","1","WCAG AA contrast: fail (min ratio 1.21 (thresholds: fail < 3.0, warn < 4.5, pass >= 4.5))","{""message"":""WCAG AA contrast: fail (min ratio 1.21 (thresholds: fail < 3.0, warn < 4.5, pass >= 4.5))"",""severity"":""warning"",""reason"":""WCAG AA contrast""}","","WCAG AA contrast: fail (min ratio 1.21 (thresholds: fail < 3.0, warn < 4.5, pass >= 4.5))","","false","false","false","true","true","experiment/results/previews/38bd1f6b-7a45-48b1-bbd0-ecfdb205faf7_yandex-market-stretch.svg","38bd1f6b-7a45-48b1-bbd0-ecfdb205faf7_yandex-market-stretch.svg","bf833b1f3387e677b4458bedea6cd0d6d7f9d8b396fcd373a806f2beb20362a1","7855ad7b39c529dc033f5193d223d8acf65a992080168d9c04eb7c98f9e12420"
"38bd1f6b-7a45-48b1-bbd0-ecfdb205faf7","novyy-proekt","novyy-proekt (1).json","yandex-market","yandex-market-vertical","minor","0.56","2","WCAG AA contrast: fail (min ratio 1.21 (thresholds: fail < 3.0, warn < 4.5, pass >= 4.5)) | title: Title sits on image without scrim","{""message"":""WCAG AA contrast: fail (min ratio 1.21 (thresholds: fail < 3.0, warn < 4.5, pass >= 4.5))"",""severity"":""warning"",""reason"":""WCAG AA contrast""} | {""message"":""title: Title sits on image without scrim"",""severity"":""info"",""reason"":""image""}","","WCAG AA contrast: fail (min ratio 1.21 (thresholds: fail < 3.0, warn < 4.5, pass >= 4.5))","title: Title sits on image without scrim","false","false","false","true","true","experiment/results/previews/38bd1f6b-7a45-48b1-bbd0-ecfdb205faf7_yandex-market-vertical.svg","38bd1f6b-7a45-48b1-bbd0-ecfdb205faf7_yandex-market-vertical.svg","501d28941201f52868212902d3153ef31b2c1982e7f5a62e5b4a2729154cab4b","c730b51bfbc78cee3e9b3a377093a75be523901463df4d1066d8bc3414d10aa3"
"38bd1f6b-7a45-48b1-bbd0-ecfdb205faf7","novyy-proekt","novyy-proekt (1).json","avito","avito-listing","minor","0.63","1","WCAG AA contrast: fail (min ratio 1.21 (thresholds: fail < 3.0, warn < 4.5, pass >= 4.5))","{""message"":""WCAG AA contrast: fail (min ratio 1.21 (thresholds: fail < 3.0, warn < 4.5, pass >= 4.5))"",""severity"":""warning"",""reason"":""WCAG AA contrast""}","","WCAG AA contrast: fail (min ratio 1.21 (thresholds: fail < 3.0, warn < 4.5, pass >= 4.5))","","false","false","false","true","true","experiment/results/previews/38bd1f6b-7a45-48b1-bbd0-ecfdb205faf7_avito-listing.svg","38bd1f6b-7a45-48b1-bbd0-ecfdb205faf7_avito-listing.svg","9fba84021297b1dffaf7ad2a8859a40c3b29a0ad1f3b503f8c83b73230eba5a5","76abadd2823e79b310558b59eda265ef6539b7aa2af6001868b03716489189d0"
"38bd1f6b-7a45-48b1-bbd0-ecfdb205faf7","novyy-proekt","novyy-proekt (1).json","avito","avito-fullscreen","minor","0.73","3","WCAG AA contrast: fail (min ratio 1.21 (thresholds: fail < 3.0, warn < 4.5, pass >= 4.5)) | image: Image below fold (safe area) | image: outside canvas (12.0%)","{""message"":""WCAG AA contrast: fail (min ratio 1.21 (thresholds: fail < 3.0, warn < 4.5, pass >= 4.5))"",""severity"":""warning"",""reason"":""WCAG AA contrast""} | {""message"":""image: Image below fold (safe area)"",""severity"":""warning"",""reason"":""safe zone""} | {""message"":""image: outside canvas (12.0%)"",""severity"":""warning"",""reason"":""image""}","","WCAG AA contrast: fail (min ratio 1.21 (thresholds: fail < 3.0, warn < 4.5, pass >= 4.5)) | image: Image below fold (safe area) | image: outside canvas (12.0%)","","false","true","false","true","true","experiment/results/previews/38bd1f6b-7a45-48b1-bbd0-ecfdb205faf7_avito-fullscreen.svg","38bd1f6b-7a45-48b1-bbd0-ecfdb205faf7_avito-fullscreen.svg","03911aa8bfb608cbbcf549101b71a9b1c2add03defc57e99090361cb6ff9a478","1fc13fa48119445609d392ad5e6716814381a1d5fe3a1c04c1a71e43f511dd77"
"38bd1f6b-7a45-48b1-bbd0-ecfdb205faf7","novyy-proekt","novyy-proekt (1).json","avito","avito-skyscraper","minor","0.72","1","WCAG AA contrast: fail (min ratio 1.21 (thresholds: fail < 3.0, warn < 4.5, pass >= 4.5))","{""message"":""WCAG AA contrast: fail (min ratio 1.21 (thresholds: fail < 3.0, warn < 4.5, pass >= 4.5))"",""severity"":""warning"",""reason"":""WCAG AA contrast""}","","WCAG AA contrast: fail (min ratio 1.21 (thresholds: fail < 3.0, warn < 4.5, pass >= 4.5))","","false","false","false","true","true","experiment/results/previews/38bd1f6b-7a45-48b1-bbd0-ecfdb205faf7_avito-skyscraper.svg","38bd1f6b-7a45-48b1-bbd0-ecfdb205faf7_avito-skyscraper.svg","d2ec37ed5b3c19730fed43593ce7b391bb17d98523262923f26f6faddea434e2","54b8b504d95d69c7d59434b5b719c21aedfd58a90559cf299bf559160b0c5697"
"38bd1f6b-7a45-48b1-bbd0-ecfdb205faf7","novyy-proekt","novyy-proekt (1).json","yandex-rsy","yandex-rsy-240x400","minor","0.78","1","WCAG AA contrast: fail (min ratio 1.21 (thresholds: fail < 3.0, warn < 4.5, pass >= 4.5))","{""message"":""WCAG AA contrast: fail (min ratio 1.21 (thresholds: fail < 3.0, warn < 4.5, pass >= 4.5))"",""severity"":""warning"",""reason"":""WCAG AA contrast""}","","WCAG AA contrast: fail (min ratio 1.21 (thresholds: fail < 3.0, warn < 4.5, pass >= 4.5))","","false","false","false","true","true","experiment/results/previews/38bd1f6b-7a45-48b1-bbd0-ecfdb205faf7_yandex-rsy-240x400.svg","38bd1f6b-7a45-48b1-bbd0-ecfdb205faf7_yandex-rsy-240x400.svg","14ae708c60aaaecd5e38bcc31de993e54be190f40de76504325e8019bbb12753","e97a71af7c5c5537fbc3eedab215ce3e02526aa4fa368ef0abbfe39b5a47a8ec"
"38bd1f6b-7a45-48b1-bbd0-ecfdb205faf7","novyy-proekt","novyy-proekt (1).json","yandex-rsy","yandex-rsy-300x250","minor","0.9","1","WCAG AA contrast: fail (min ratio 1.21 (thresholds: fail < 3.0, warn < 4.5, pass >= 4.5))","{""message"":""WCAG AA contrast: fail (min ratio 1.21 (thresholds: fail < 3.0, warn < 4.5, pass >= 4.5))"",""severity"":""warning"",""reason"":""WCAG AA contrast""}","","WCAG AA contrast: fail (min ratio 1.21 (thresholds: fail < 3.0, warn < 4.5, pass >= 4.5))","","false","false","false","true","true","experiment/results/previews/38bd1f6b-7a45-48b1-bbd0-ecfdb205faf7_yandex-rsy-300x250.svg","38bd1f6b-7a45-48b1-bbd0-ecfdb205faf7_yandex-rsy-300x250.svg","17ab521fa4dd50c202542cbc4748fdb4ac05ff149a068353892c4910763e4b38","13eba624c2b34eacf74429803a969e0e70fdbfef9537caf8b95c27cc86e027e4"
"38bd1f6b-7a45-48b1-bbd0-ecfdb205faf7","novyy-proekt","novyy-proekt (1).json","yandex-rsy","yandex-rsy-728x90","minor","0.53","1","WCAG AA contrast: fail (min ratio 1.21 (thresholds: fail < 3.0, warn < 4.5, pass >= 4.5))","{""message"":""WCAG AA contrast: fail (min ratio 1.21 (thresholds: fail < 3.0, warn < 4.5, pass >= 4.5))"",""severity"":""warning"",""reason"":""WCAG AA contrast""}","","WCAG AA contrast: fail (min ratio 1.21 (thresholds: fail < 3.0, warn < 4.5, pass >= 4.5))","","false","false","false","true","true","experiment/results/previews/38bd1f6b-7a45-48b1-bbd0-ecfdb205faf7_yandex-rsy-728x90.svg","38bd1f6b-7a45-48b1-bbd0-ecfdb205faf7_yandex-rsy-728x90.svg","07d2196dadaf37a565cce0bfd2cf0fc1b5854b5a2d49e10261e552d6dab8de20","f074a6fb5e9008ac758d7473f5cd15666deabe83ea99a028ffd68312cce57676"
"b633729e-4eb9-471e-bc33-6d56b8f8f74e","novyy-proekt","novyy-proekt (2).json","vk","vk-square","minor","1.04","2","image: Image below fold (safe area) | image: outside canvas (6.0%)","{""message"":""image: Image below fold (safe area)"",""severity"":""warning"",""reason"":""safe zone""} | {""message"":""image: outside canvas (6.0%)"",""severity"":""warning"",""reason"":""image""}","","image: Image below fold (safe area) | image: outside canvas (6.0%)","","false","true","false","false","true","experiment/results/previews/b633729e-4eb9-471e-bc33-6d56b8f8f74e_vk-square.svg","b633729e-4eb9-471e-bc33-6d56b8f8f74e_vk-square.svg","7670e554c8c498a35bb436b479bac7b6fbb4b033ee7a3157a7df7060506bfb54","cf2e30b3a5ccc0d2fc50a5c0c6297b0e7a83353507f4b99224aa03fc01d3d597"
"b633729e-4eb9-471e-bc33-6d56b8f8f74e","novyy-proekt","novyy-proekt (2).json","vk","vk-vertical","minor","0.88","2","image: Image below fold (safe area) | image: outside canvas (6.0%)","{""message"":""image: Image below fold (safe area)"",""severity"":""warning"",""reason"":""safe zone""} | {""message"":""image: outside canvas (6.0%)"",""severity"":""warning"",""reason"":""image""}","","image: Image below fold (safe area) | image: outside canvas (6.0%)","","false","true","false","false","true","experiment/results/previews/b633729e-4eb9-471e-bc33-6d56b8f8f74e_vk-vertical.svg","b633729e-4eb9-471e-bc33-6d56b8f8f74e_vk-vertical.svg","3236c10dd8674238f769ca8b629366157ed009e23f2e1b53bfb30295968d66c9","3baf3e901951155c48656f0513617bc5303e6bbad446e7d42387e8d1e40a8cef"
"b633729e-4eb9-471e-bc33-6d56b8f8f74e","novyy-proekt","novyy-proekt (2).json","vk","vk-landscape","ready","0.89","0","","","","","","false","false","false","false","true","experiment/results/previews/b633729e-4eb9-471e-bc33-6d56b8f8f74e_vk-landscape.svg","b633729e-4eb9-471e-bc33-6d56b8f8f74e_vk-landscape.svg","e0104715aa09116621611407d495484b1d83ea164ea13c4ceb88ecd7d987fc22","6de33cc5e0cf74a722d1d0503a7461a076c60dda6e215d843aa96d5ed3f07b2e"
"b633729e-4eb9-471e-bc33-6d56b8f8f74e","novyy-proekt","novyy-proekt (2).json","vk","vk-stories","minor","0.61","2","image: Image below fold (safe area) | image: outside canvas (12.0%)","{""message"":""image: Image below fold (safe area)"",""severity"":""warning"",""reason"":""safe zone""} | {""message"":""image: outside canvas (12.0%)"",""severity"":""warning"",""reason"":""image""}","","image: Image below fold (safe area) | image: outside canvas (12.0%)","","false","true","false","false","true","experiment/results/previews/b633729e-4eb9-471e-bc33-6d56b8f8f74e_vk-stories.svg","b633729e-4eb9-471e-bc33-6d56b8f8f74e_vk-stories.svg","f0d23cce5e92c39ca3aae2ad214ab65e5b307f82f6d810e602a2b23b3a5e0d1d","9e2eeaf8026eeaa41468a3810c0ea98aeec9d6b7284f3045c8fca35020277a6f"
"b633729e-4eb9-471e-bc33-6d56b8f8f74e","novyy-proekt","novyy-proekt (2).json","telegram","telegram-story","minor","0.65","2","image: Image below fold (safe area) | image: outside canvas (12.0%)","{""message"":""image: Image below fold (safe area)"",""severity"":""warning"",""reason"":""safe zone""} | {""message"":""image: outside canvas (12.0%)"",""severity"":""warning"",""reason"":""image""}","","image: Image below fold (safe area) | image: outside canvas (12.0%)","","false","true","false","false","true","experiment/results/previews/b633729e-4eb9-471e-bc33-6d56b8f8f74e_telegram-story.svg","b633729e-4eb9-471e-bc33-6d56b8f8f74e_telegram-story.svg","f0d23cce5e92c39ca3aae2ad214ab65e5b307f82f6d810e602a2b23b3a5e0d1d","29fc9220d46e7f82181cf7f9132574b3bbb221c0be55fe9c773b216ff381e0a7"
"b633729e-4eb9-471e-bc33-6d56b8f8f74e","novyy-proekt","novyy-proekt (2).json","instagram","instagram-story","minor","0.86","2","image: Image below fold (safe area) | image: outside canvas (14.0%)","{""message"":""image: Image below fold (safe area)"",""severity"":""warning"",""reason"":""safe zone""} | {""message"":""image: outside canvas (14.0%)"",""severity"":""warning"",""reason"":""image""}","","image: Image below fold (safe area) | image: outside canvas (14.0%)","","false","true","false","false","true","experiment/results/previews/b633729e-4eb9-471e-bc33-6d56b8f8f74e_instagram-story.svg","b633729e-4eb9-471e-bc33-6d56b8f8f74e_instagram-story.svg","551212b274b0d4778c65bbb4c039831ac70be69fd3bc0c9475cc69b2daf5a22d","c37e69d59a488a98bf69de2911fd012b047e1445c39a75d1fd3c2d6f457a0e2d"
"b633729e-4eb9-471e-bc33-6d56b8f8f74e","novyy-proekt","novyy-proekt (2).json","wildberries","wb-card","ready","0.55","1","title: Title sits on image without scrim","{""message"":""title: Title sits on image without scrim"",""severity"":""info"",""reason"":""image""}","","","title: Title sits on image without scrim","false","false","false","false","true","experiment/results/previews/b633729e-4eb9-471e-bc33-6d56b8f8f74e_wb-card.svg","b633729e-4eb9-471e-bc33-6d56b8f8f74e_wb-card.svg","f16c757a73bf6c32358953dbd3dd4a80ad84d85edb388af1ff5ee3e330f79467","1bfe07efc7df299d1de96d82866ac3b73f45e2f54d9c50901e0c34c06d431f45"
"b633729e-4eb9-471e-bc33-6d56b8f8f74e","novyy-proekt","novyy-proekt (2).json","wildberries","wb-infographic","ready","0.6","1","title: Title sits on image without scrim","{""message"":""title: Title sits on image without scrim"",""severity"":""info"",""reason"":""image""}","","","title: Title sits on image without scrim","false","false","false","false","true","experiment/results/previews/b633729e-4eb9-471e-bc33-6d56b8f8f74e_wb-infographic.svg","b633729e-4eb9-471e-bc33-6d56b8f8f74e_wb-infographic.svg","98548ebe0316a27fa1549ed599e1134b2e2e3dc1ce80b4669b3e30bb7a20d76b","9e5544f2d35bc17a09591700517b86cc93cfc4b7e9282a833df7dddb11cb9bd2"
"b633729e-4eb9-471e-bc33-6d56b8f8f74e","novyy-proekt","novyy-proekt (2).json","ozon","ozon-card","ready","0.57","1","title: Title sits on image without scrim","{""message"":""title: Title sits on image without scrim"",""severity"":""info"",""reason"":""image""}","","","title: Title sits on image without scrim","false","false","false","false","true","experiment/results/previews/b633729e-4eb9-471e-bc33-6d56b8f8f74e_ozon-card.svg","b633729e-4eb9-471e-bc33-6d56b8f8f74e_ozon-card.svg","f16c757a73bf6c32358953dbd3dd4a80ad84d85edb388af1ff5ee3e330f79467","eafc299d8182176be5f08078841052f0382182920de3b19e9e0d3d0f2b871fd5"
"b633729e-4eb9-471e-bc33-6d56b8f8f74e","novyy-proekt","novyy-proekt (2).json","ozon","ozon-fresh-square","ready","0.51","0","","","","","","false","false","false","false","true","experiment/results/previews/b633729e-4eb9-471e-bc33-6d56b8f8f74e_ozon-fresh-square.svg","b633729e-4eb9-471e-bc33-6d56b8f8f74e_ozon-fresh-square.svg","85ea347b38185749f6adb5d67d4ebf9d358b0da114499883118be6cd294d4b47","3669d5b809188cb196b7094211146df2ac418ca79e56731c7b9ef8f0836a625a"
"b633729e-4eb9-471e-bc33-6d56b8f8f74e","novyy-proekt","novyy-proekt (2).json","yandex-market","yandex-market-card","ready","0.55","0","","","","","","false","false","false","false","true","experiment/results/previews/b633729e-4eb9-471e-bc33-6d56b8f8f74e_yandex-market-card.svg","b633729e-4eb9-471e-bc33-6d56b8f8f74e_yandex-market-card.svg","85ea347b38185749f6adb5d67d4ebf9d358b0da114499883118be6cd294d4b47","4a87dff39a0b82135ace0b91d9948a8168ca8265982e8fb3c3cee0313d78096d"
"b633729e-4eb9-471e-bc33-6d56b8f8f74e","novyy-proekt","novyy-proekt (2).json","yandex-market","yandex-market-banner","ready","0.58","0","","","","","","false","false","false","false","true","experiment/results/previews/b633729e-4eb9-471e-bc33-6d56b8f8f74e_yandex-market-banner.svg","b633729e-4eb9-471e-bc33-6d56b8f8f74e_yandex-market-banner.svg","f7ced6f583537d9c22aad82d1d790350b7e824a380e28cc7c0a002c927ce75ac","2242d0f175765c36441c76095d7ad438e42d03d194c440f693c922aa3aa23a38"
"b633729e-4eb9-471e-bc33-6d56b8f8f74e","novyy-proekt","novyy-proekt (2).json","yandex-market","yandex-market-stretch","ready","0.56","0","","","","","","false","false","false","false","true","experiment/results/previews/b633729e-4eb9-471e-bc33-6d56b8f8f74e_yandex-market-stretch.svg","b633729e-4eb9-471e-bc33-6d56b8f8f74e_yandex-market-stretch.svg","b9b6c7d9ed1aa82864ec558884dacf29e307eba5908448fb7b9faccd483e1a25","a69828f5e8637e70d0a0333f415fb830f3b0daf9b0351497f84dc8a7b2240a40"
"b633729e-4eb9-471e-bc33-6d56b8f8f74e","novyy-proekt","novyy-proekt (2).json","yandex-market","yandex-market-vertical","ready","0.55","1","title: Title sits on image without scrim","{""message"":""title: Title sits on image without scrim"",""severity"":""info"",""reason"":""image""}","","","title: Title sits on image without scrim","false","false","false","false","true","experiment/results/previews/b633729e-4eb9-471e-bc33-6d56b8f8f74e_yandex-market-vertical.svg","b633729e-4eb9-471e-bc33-6d56b8f8f74e_yandex-market-vertical.svg","2def45ff8e322e6e0e8472544b00e56da4de660fd7205078fe39fc1a56e11da5","890971ae3e6c0f157f2f2e98338e5590e78159da018f7ebb55176cdcc142d64a"
"b633729e-4eb9-471e-bc33-6d56b8f8f74e","novyy-proekt","novyy-proekt (2).json","avito","avito-listing","ready","0.62","0","","","","","","false","false","false","false","true","experiment/results/previews/b633729e-4eb9-471e-bc33-6d56b8f8f74e_avito-listing.svg","b633729e-4eb9-471e-bc33-6d56b8f8f74e_avito-listing.svg","2418732e5d0b3a2b1a81a348ddeecdc78623c408a7c3f18b14e483a954716a1a","a618b2cb52fb1d14043057992f8bd50d6aa7451b56d4afccb5e69b6fbf37d801"
"b633729e-4eb9-471e-bc33-6d56b8f8f74e","novyy-proekt","novyy-proekt (2).json","avito","avito-fullscreen","minor","0.71","2","image: Image below fold (safe area) | image: outside canvas (12.0%)","{""message"":""image: Image below fold (safe area)"",""severity"":""warning"",""reason"":""safe zone""} | {""message"":""image: outside canvas (12.0%)"",""severity"":""warning"",""reason"":""image""}","","image: Image below fold (safe area) | image: outside canvas (12.0%)","","false","true","false","false","true","experiment/results/previews/b633729e-4eb9-471e-bc33-6d56b8f8f74e_avito-fullscreen.svg","b633729e-4eb9-471e-bc33-6d56b8f8f74e_avito-fullscreen.svg","f0d23cce5e92c39ca3aae2ad214ab65e5b307f82f6d810e602a2b23b3a5e0d1d","67191de444506806d12760bb7ba01bd59ae7ea2a50532864f5c486dc12390c8d"
"b633729e-4eb9-471e-bc33-6d56b8f8f74e","novyy-proekt","novyy-proekt (2).json","avito","avito-skyscraper","ready","0.6","0","","","","","","false","false","false","false","true","experiment/results/previews/b633729e-4eb9-471e-bc33-6d56b8f8f74e_avito-skyscraper.svg","b633729e-4eb9-471e-bc33-6d56b8f8f74e_avito-skyscraper.svg","0e9ea425e79bbf91fdc7577b710f480de710b2fc8784e7034fe4aaf05a472a39","2ee67c87ad0a6600bf270230f5b97dbbe999098f92fa5a3aa6c0195068f6868a"
"b633729e-4eb9-471e-bc33-6d56b8f8f74e","novyy-proekt","novyy-proekt (2).json","yandex-rsy","yandex-rsy-240x400","ready","0.58","0","","","","","","false","false","false","false","true","experiment/results/previews/b633729e-4eb9-471e-bc33-6d56b8f8f74e_yandex-rsy-240x400.svg","b633729e-4eb9-471e-bc33-6d56b8f8f74e_yandex-rsy-240x400.svg","cf97fcd4d9ae2b07dee96472dc90bb6251085668ccce24884f86409e2010d68d","46056ec4d1c5f667fae2da37853d01b674db7c956bd9e84519fb9837dd536d1d"
"b633729e-4eb9-471e-bc33-6d56b8f8f74e","novyy-proekt","novyy-proekt (2).json","yandex-rsy","yandex-rsy-300x250","ready","0.55","0","","","","","","false","false","false","false","true","experiment/results/previews/b633729e-4eb9-471e-bc33-6d56b8f8f74e_yandex-rsy-300x250.svg","b633729e-4eb9-471e-bc33-6d56b8f8f74e_yandex-rsy-300x250.svg","c6ea713c4c05cd35ca2dbcf7b2989d30e97ad492d6b0d62ca882d6c0d92a7226","be2884612527e97087231758f291d907d671c0730d8ae90a7778b3c89a9cfa27"
"b633729e-4eb9-471e-bc33-6d56b8f8f74e","novyy-proekt","novyy-proekt (2).json","yandex-rsy","yandex-rsy-728x90","ready","0.51","0","","","","","","false","false","false","false","true","experiment/results/previews/b633729e-4eb9-471e-bc33-6d56b8f8f74e_yandex-rsy-728x90.svg","b633729e-4eb9-471e-bc33-6d56b8f8f74e_yandex-rsy-728x90.svg","6c16f0c70d3800d08ee0d93eecfd66e21569a8ec74be26e7c0b3045f4e0b0166","5f9bc3d1a7524a555acb82695f8819a86e5f1bbc938f317de9ceb78d7d522706"
"31d94236-8f6e-495e-bc3f-063a96b392b6","novyy-proekt","novyy-proekt (3).json","vk","vk-square","minor","1.02","3","WCAG AA contrast: fail (min ratio 1.18 (thresholds: fail < 3.0, warn < 4.5, pass >= 4.5)) | image: Image below fold (safe area) | image: outside canvas (6.0%)","{""message"":""WCAG AA contrast: fail (min ratio 1.18 (thresholds: fail < 3.0, warn < 4.5, pass >= 4.5))"",""severity"":""warning"",""reason"":""WCAG AA contrast""} | {""message"":""image: Image below fold (safe area)"",""severity"":""warning"",""reason"":""safe zone""} | {""message"":""image: outside canvas (6.0%)"",""severity"":""warning"",""reason"":""image""}","","WCAG AA contrast: fail (min ratio 1.18 (thresholds: fail < 3.0, warn < 4.5, pass >= 4.5)) | image: Image below fold (safe area) | image: outside canvas (6.0%)","","false","true","false","true","true","experiment/results/previews/31d94236-8f6e-495e-bc3f-063a96b392b6_vk-square.svg","31d94236-8f6e-495e-bc3f-063a96b392b6_vk-square.svg","702cadeaadd62d40de4f7fad3bd2227d526dab015ee88d592644ad0f74ab4411","0c8ca57f3b7c216374417a488c7aa5e63f589202879513a3483ca41cb04aaf67"
"31d94236-8f6e-495e-bc3f-063a96b392b6","novyy-proekt","novyy-proekt (3).json","vk","vk-vertical","minor","1","3","WCAG AA contrast: fail (min ratio 1.18 (thresholds: fail < 3.0, warn < 4.5, pass >= 4.5)) | image: Image below fold (safe area) | image: outside canvas (6.0%)","{""message"":""WCAG AA contrast: fail (min ratio 1.18 (thresholds: fail < 3.0, warn < 4.5, pass >= 4.5))"",""severity"":""warning"",""reason"":""WCAG AA contrast""} | {""message"":""image: Image below fold (safe area)"",""severity"":""warning"",""reason"":""safe zone""} | {""message"":""image: outside canvas (6.0%)"",""severity"":""warning"",""reason"":""image""}","","WCAG AA contrast: fail (min ratio 1.18 (thresholds: fail < 3.0, warn < 4.5, pass >= 4.5)) | image: Image below fold (safe area) | image: outside canvas (6.0%)","","false","true","false","true","true","experiment/results/previews/31d94236-8f6e-495e-bc3f-063a96b392b6_vk-vertical.svg","31d94236-8f6e-495e-bc3f-063a96b392b6_vk-vertical.svg","dd787a767660f0a6578f58920e865ea506a0adacd6d125d51a0b91922531b3d0","b6daccc067ab9a96a9fefa4cf9587734acfaf6bf3d84039b994fecd8a0d192d4"
"31d94236-8f6e-495e-bc3f-063a96b392b6","novyy-proekt","novyy-proekt (3).json","vk","vk-landscape","minor","1.34","1","WCAG AA contrast: fail (min ratio 1.18 (thresholds: fail < 3.0, warn < 4.5, pass >= 4.5))","{""message"":""WCAG AA contrast: fail (min ratio 1.18 (thresholds: fail < 3.0, warn < 4.5, pass >= 4.5))"",""severity"":""warning"",""reason"":""WCAG AA contrast""}","","WCAG AA contrast: fail (min ratio 1.18 (thresholds: fail < 3.0, warn < 4.5, pass >= 4.5))","","false","false","false","true","true","experiment/results/previews/31d94236-8f6e-495e-bc3f-063a96b392b6_vk-landscape.svg","31d94236-8f6e-495e-bc3f-063a96b392b6_vk-landscape.svg","0b059a3118cb8292b84f3115b45f171a182aab13a3cbfcde79ac115a060df2e9","ffb81fa3a61e8d15b38d29316244daf0a14fa15e12fdccc65d0cdb7937b5d91a"
"31d94236-8f6e-495e-bc3f-063a96b392b6","novyy-proekt","novyy-proekt (3).json","vk","vk-stories","minor","0.71","3","WCAG AA contrast: fail (min ratio 1.18 (thresholds: fail < 3.0, warn < 4.5, pass >= 4.5)) | image: Image below fold (safe area) | image: outside canvas (12.0%)","{""message"":""WCAG AA contrast: fail (min ratio 1.18 (thresholds: fail < 3.0, warn < 4.5, pass >= 4.5))"",""severity"":""warning"",""reason"":""WCAG AA contrast""} | {""message"":""image: Image below fold (safe area)"",""severity"":""warning"",""reason"":""safe zone""} | {""message"":""image: outside canvas (12.0%)"",""severity"":""warning"",""reason"":""image""}","","WCAG AA contrast: fail (min ratio 1.18 (thresholds: fail < 3.0, warn < 4.5, pass >= 4.5)) | image: Image below fold (safe area) | image: outside canvas (12.0%)","","false","true","false","true","true","experiment/results/previews/31d94236-8f6e-495e-bc3f-063a96b392b6_vk-stories.svg","31d94236-8f6e-495e-bc3f-063a96b392b6_vk-stories.svg","65acfc8ca7d9d0443915c9df5f609a8236b03556808152211c75cb16da3e197f","8f27b6728b8e1acc48c3533f6f7acbd3e6b03ecdf0112bda7bbe059895575a9b"
"31d94236-8f6e-495e-bc3f-063a96b392b6","novyy-proekt","novyy-proekt (3).json","telegram","telegram-story","minor","0.73","3","WCAG AA contrast: fail (min ratio 1.18 (thresholds: fail < 3.0, warn < 4.5, pass >= 4.5)) | image: Image below fold (safe area) | image: outside canvas (12.0%)","{""message"":""WCAG AA contrast: fail (min ratio 1.18 (thresholds: fail < 3.0, warn < 4.5, pass >= 4.5))"",""severity"":""warning"",""reason"":""WCAG AA contrast""} | {""message"":""image: Image below fold (safe area)"",""severity"":""warning"",""reason"":""safe zone""} | {""message"":""image: outside canvas (12.0%)"",""severity"":""warning"",""reason"":""image""}","","WCAG AA contrast: fail (min ratio 1.18 (thresholds: fail < 3.0, warn < 4.5, pass >= 4.5)) | image: Image below fold (safe area) | image: outside canvas (12.0%)","","false","true","false","true","true","experiment/results/previews/31d94236-8f6e-495e-bc3f-063a96b392b6_telegram-story.svg","31d94236-8f6e-495e-bc3f-063a96b392b6_telegram-story.svg","65acfc8ca7d9d0443915c9df5f609a8236b03556808152211c75cb16da3e197f","cfae8ee0a0387b366d92b4cfd4d7eaf2a817a87ce869798b213486a7ff45ebba"
"31d94236-8f6e-495e-bc3f-063a96b392b6","novyy-proekt","novyy-proekt (3).json","instagram","instagram-story","minor","0.8","3","WCAG AA contrast: fail (min ratio 1.18 (thresholds: fail < 3.0, warn < 4.5, pass >= 4.5)) | image: Image below fold (safe area) | image: outside canvas (14.0%)","{""message"":""WCAG AA contrast: fail (min ratio 1.18 (thresholds: fail < 3.0, warn < 4.5, pass >= 4.5))"",""severity"":""warning"",""reason"":""WCAG AA contrast""} | {""message"":""image: Image below fold (safe area)"",""severity"":""warning"",""reason"":""safe zone""} | {""message"":""image: outside canvas (14.0%)"",""severity"":""warning"",""reason"":""image""}","","WCAG AA contrast: fail (min ratio 1.18 (thresholds: fail < 3.0, warn < 4.5, pass >= 4.5)) | image: Image below fold (safe area) | image: outside canvas (14.0%)","","false","true","false","true","true","experiment/results/previews/31d94236-8f6e-495e-bc3f-063a96b392b6_instagram-story.svg","31d94236-8f6e-495e-bc3f-063a96b392b6_instagram-story.svg","db35abcb6d7d7d4f3c99b5b978fc7ca8fae8979e29cd2de33376671c05744a93","dab1167ad386891aea376d6b235406e7a36bb13b173761f205961a31462372f4"
"31d94236-8f6e-495e-bc3f-063a96b392b6","novyy-proekt","novyy-proekt (3).json","wildberries","wb-card","minor","0.63","2","WCAG AA contrast: fail (min ratio 1.18 (thresholds: fail < 3.0, warn < 4.5, pass >= 4.5)) | title: Title sits on image without scrim","{""message"":""WCAG AA contrast: fail (min ratio 1.18 (thresholds: fail < 3.0, warn < 4.5, pass >= 4.5))"",""severity"":""warning"",""reason"":""WCAG AA contrast""} | {""message"":""title: Title sits on image without scrim"",""severity"":""info"",""reason"":""image""}","","WCAG AA contrast: fail (min ratio 1.18 (thresholds: fail < 3.0, warn < 4.5, pass >= 4.5))","title: Title sits on image without scrim","false","false","false","true","true","experiment/results/previews/31d94236-8f6e-495e-bc3f-063a96b392b6_wb-card.svg","31d94236-8f6e-495e-bc3f-063a96b392b6_wb-card.svg","2a7f793b89f7f09a2ce88ef56bd623f636872e34e1eeddbcdc3d655894fbf5fe","5cc964f32f8f693ea4e20faa5d77146ef633051fce103bc93e394bf4bc77bffb"
"31d94236-8f6e-495e-bc3f-063a96b392b6","novyy-proekt","novyy-proekt (3).json","wildberries","wb-infographic","minor","0.76","2","WCAG AA contrast: fail (min ratio 1.18 (thresholds: fail < 3.0, warn < 4.5, pass >= 4.5)) | title: Title sits on image without scrim","{""message"":""WCAG AA contrast: fail (min ratio 1.18 (thresholds: fail < 3.0, warn < 4.5, pass >= 4.5))"",""severity"":""warning"",""reason"":""WCAG AA contrast""} | {""message"":""title: Title sits on image without scrim"",""severity"":""info"",""reason"":""image""}","","WCAG AA contrast: fail (min ratio 1.18 (thresholds: fail < 3.0, warn < 4.5, pass >= 4.5))","title: Title sits on image without scrim","false","false","false","true","true","experiment/results/previews/31d94236-8f6e-495e-bc3f-063a96b392b6_wb-infographic.svg","31d94236-8f6e-495e-bc3f-063a96b392b6_wb-infographic.svg","c9648f516de6a3cd16a575972d79a0e67e91f041010f0021a6059ce61ada0a6e","81efff340824801f9b5901be30d97138ab7afb5fccf63d4b11157537ebf82e97"
"31d94236-8f6e-495e-bc3f-063a96b392b6","novyy-proekt","novyy-proekt (3).json","ozon","ozon-card","minor","0.57","2","WCAG AA contrast: fail (min ratio 1.18 (thresholds: fail < 3.0, warn < 4.5, pass >= 4.5)) | title: Title sits on image without scrim","{""message"":""WCAG AA contrast: fail (min ratio 1.18 (thresholds: fail < 3.0, warn < 4.5, pass >= 4.5))"",""severity"":""warning"",""reason"":""WCAG AA contrast""} | {""message"":""title: Title sits on image without scrim"",""severity"":""info"",""reason"":""image""}","","WCAG AA contrast: fail (min ratio 1.18 (thresholds: fail < 3.0, warn < 4.5, pass >= 4.5))","title: Title sits on image without scrim","false","false","false","true","true","experiment/results/previews/31d94236-8f6e-495e-bc3f-063a96b392b6_ozon-card.svg","31d94236-8f6e-495e-bc3f-063a96b392b6_ozon-card.svg","2a7f793b89f7f09a2ce88ef56bd623f636872e34e1eeddbcdc3d655894fbf5fe","91a9f3fdccef733b391e47a12ad9d2cfd7380a0613a2ee8109e5c839b4ca966b"
"31d94236-8f6e-495e-bc3f-063a96b392b6","novyy-proekt","novyy-proekt (3).json","ozon","ozon-fresh-square","minor","0.6","1","WCAG AA contrast: fail (min ratio 1.18 (thresholds: fail < 3.0, warn < 4.5, pass >= 4.5))","{""message"":""WCAG AA contrast: fail (min ratio 1.18 (thresholds: fail < 3.0, warn < 4.5, pass >= 4.5))"",""severity"":""warning"",""reason"":""WCAG AA contrast""}","","WCAG AA contrast: fail (min ratio 1.18 (thresholds: fail < 3.0, warn < 4.5, pass >= 4.5))","","false","false","false","true","true","experiment/results/previews/31d94236-8f6e-495e-bc3f-063a96b392b6_ozon-fresh-square.svg","31d94236-8f6e-495e-bc3f-063a96b392b6_ozon-fresh-square.svg","1ced903565fc0e8edce713f9f238b40cae0945a7544c205f3e927b688adc8bc7","d4913b841b1986d66dd7f7d1bff9122ab93bb64ebb10722d461d02690c7cfd2d"
"31d94236-8f6e-495e-bc3f-063a96b392b6","novyy-proekt","novyy-proekt (3).json","yandex-market","yandex-market-card","minor","0.55","1","WCAG AA contrast: fail (min ratio 1.18 (thresholds: fail < 3.0, warn < 4.5, pass >= 4.5))","{""message"":""WCAG AA contrast: fail (min ratio 1.18 (thresholds: fail < 3.0, warn < 4.5, pass >= 4.5))"",""severity"":""warning"",""reason"":""WCAG AA contrast""}","","WCAG AA contrast: fail (min ratio 1.18 (thresholds: fail < 3.0, warn < 4.5, pass >= 4.5))","","false","false","false","true","true","experiment/results/previews/31d94236-8f6e-495e-bc3f-063a96b392b6_yandex-market-card.svg","31d94236-8f6e-495e-bc3f-063a96b392b6_yandex-market-card.svg","1ced903565fc0e8edce713f9f238b40cae0945a7544c205f3e927b688adc8bc7","da6a7475b8dc34f9e8e5a0f9ee4c32035659875afa849f6f37534e6daeb5d889"
"31d94236-8f6e-495e-bc3f-063a96b392b6","novyy-proekt","novyy-proekt (3).json","yandex-market","yandex-market-banner","minor","0.59","1","WCAG AA contrast: fail (min ratio 1.18 (thresholds: fail < 3.0, warn < 4.5, pass >= 4.5))","{""message"":""WCAG AA contrast: fail (min ratio 1.18 (thresholds: fail < 3.0, warn < 4.5, pass >= 4.5))"",""severity"":""warning"",""reason"":""WCAG AA contrast""}","","WCAG AA contrast: fail (min ratio 1.18 (thresholds: fail < 3.0, warn < 4.5, pass >= 4.5))","","false","false","false","true","true","experiment/results/previews/31d94236-8f6e-495e-bc3f-063a96b392b6_yandex-market-banner.svg","31d94236-8f6e-495e-bc3f-063a96b392b6_yandex-market-banner.svg","cebafcc38fba3587e81ffa240829c5f19395aeec06a442252850dd60ffbb9d41","1e312c9891a625568f086a26a449e7bbb727b65605fec86557fd0aa1c12145b6"
"31d94236-8f6e-495e-bc3f-063a96b392b6","novyy-proekt","novyy-proekt (3).json","yandex-market","yandex-market-stretch","minor","0.92","1","WCAG AA contrast: fail (min ratio 1.18 (thresholds: fail < 3.0, warn < 4.5, pass >= 4.5))","{""message"":""WCAG AA contrast: fail (min ratio 1.18 (thresholds: fail < 3.0, warn < 4.5, pass >= 4.5))"",""severity"":""warning"",""reason"":""WCAG AA contrast""}","","WCAG AA contrast: fail (min ratio 1.18 (thresholds: fail < 3.0, warn < 4.5, pass >= 4.5))","","false","false","false","true","true","experiment/results/previews/31d94236-8f6e-495e-bc3f-063a96b392b6_yandex-market-stretch.svg","31d94236-8f6e-495e-bc3f-063a96b392b6_yandex-market-stretch.svg","c58f5c523739797b1d21fdf5132029b69faf1b0f0d5ccd2d6635565e15134a2d","90838d41796a1f70600ccfb399688c1503b872fe9d569dec9b3a0fc7f1efb9a2"
"31d94236-8f6e-495e-bc3f-063a96b392b6","novyy-proekt","novyy-proekt (3).json","yandex-market","yandex-market-vertical","minor","0.65","2","WCAG AA contrast: fail (min ratio 1.18 (thresholds: fail < 3.0, warn < 4.5, pass >= 4.5)) | title: Title sits on image without scrim","{""message"":""WCAG AA contrast: fail (min ratio 1.18 (thresholds: fail < 3.0, warn < 4.5, pass >= 4.5))"",""severity"":""warning"",""reason"":""WCAG AA contrast""} | {""message"":""title: Title sits on image without scrim"",""severity"":""info"",""reason"":""image""}","","WCAG AA contrast: fail (min ratio 1.18 (thresholds: fail < 3.0, warn < 4.5, pass >= 4.5))","title: Title sits on image without scrim","false","false","false","true","true","experiment/results/previews/31d94236-8f6e-495e-bc3f-063a96b392b6_yandex-market-vertical.svg","31d94236-8f6e-495e-bc3f-063a96b392b6_yandex-market-vertical.svg","b086b09972de91bcbcc5a94bad3c6fc5285b949ae0cacaf733bba8133ebe90cd","cb592444b786f08c08fab9fd34497690edaabdeec53cab27a3f362f3c8b865d9"
"31d94236-8f6e-495e-bc3f-063a96b392b6","novyy-proekt","novyy-proekt (3).json","avito","avito-listing","minor","0.86","1","WCAG AA contrast: fail (min ratio 1.18 (thresholds: fail < 3.0, warn < 4.5, pass >= 4.5))","{""message"":""WCAG AA contrast: fail (min ratio 1.18 (thresholds: fail < 3.0, warn < 4.5, pass >= 4.5))"",""severity"":""warning"",""reason"":""WCAG AA contrast""}","","WCAG AA contrast: fail (min ratio 1.18 (thresholds: fail < 3.0, warn < 4.5, pass >= 4.5))","","false","false","false","true","true","experiment/results/previews/31d94236-8f6e-495e-bc3f-063a96b392b6_avito-listing.svg","31d94236-8f6e-495e-bc3f-063a96b392b6_avito-listing.svg","67352e4c3cd44fc7eaac50e7f2425324e16a5cd14b1ee711a6e7330f673e2f70","697366a1a7b1a0e740ee0589e5bcfe52be6be77a79c2add03e4ca09ce1dc6d1f"
"31d94236-8f6e-495e-bc3f-063a96b392b6","novyy-proekt","novyy-proekt (3).json","avito","avito-fullscreen","minor","0.66","3","WCAG AA contrast: fail (min ratio 1.18 (thresholds: fail < 3.0, warn < 4.5, pass >= 4.5)) | image: Image below fold (safe area) | image: outside canvas (12.0%)","{""message"":""WCAG AA contrast: fail (min ratio 1.18 (thresholds: fail < 3.0, warn < 4.5, pass >= 4.5))"",""severity"":""warning"",""reason"":""WCAG AA contrast""} | {""message"":""image: Image below fold (safe area)"",""severity"":""warning"",""reason"":""safe zone""} | {""message"":""image: outside canvas (12.0%)"",""severity"":""warning"",""reason"":""image""}","","WCAG AA contrast: fail (min ratio 1.18 (thresholds: fail < 3.0, warn < 4.5, pass >= 4.5)) | image: Image below fold (safe area) | image: outside canvas (12.0%)","","false","true","false","true","true","experiment/results/previews/31d94236-8f6e-495e-bc3f-063a96b392b6_avito-fullscreen.svg","31d94236-8f6e-495e-bc3f-063a96b392b6_avito-fullscreen.svg","65acfc8ca7d9d0443915c9df5f609a8236b03556808152211c75cb16da3e197f","32c52b4d6eaf41dc15fc5eb653989eb6ef7f5a542634cad6874cf5c3aed25359"
"31d94236-8f6e-495e-bc3f-063a96b392b6","novyy-proekt","novyy-proekt (3).json","avito","avito-skyscraper","minor","0.58","1","WCAG AA contrast: fail (min ratio 1.18 (thresholds: fail < 3.0, warn < 4.5, pass >= 4.5))","{""message"":""WCAG AA contrast: fail (min ratio 1.18 (thresholds: fail < 3.0, warn < 4.5, pass >= 4.5))"",""severity"":""warning"",""reason"":""WCAG AA contrast""}","","WCAG AA contrast: fail (min ratio 1.18 (thresholds: fail < 3.0, warn < 4.5, pass >= 4.5))","","false","false","false","true","true","experiment/results/previews/31d94236-8f6e-495e-bc3f-063a96b392b6_avito-skyscraper.svg","31d94236-8f6e-495e-bc3f-063a96b392b6_avito-skyscraper.svg","3b1f1e1f2431b7b611024f3a62760fb4e4a2f2f748e280dcde89823e4e216029","9cbc8473ed5b754194fccce013ff51049aee0e407f3c62e3b08da6d24e1db302"
"31d94236-8f6e-495e-bc3f-063a96b392b6","novyy-proekt","novyy-proekt (3).json","yandex-rsy","yandex-rsy-240x400","minor","0.68","1","WCAG AA contrast: fail (min ratio 1.18 (thresholds: fail < 3.0, warn < 4.5, pass >= 4.5))","{""message"":""WCAG AA contrast: fail (min ratio 1.18 (thresholds: fail < 3.0, warn < 4.5, pass >= 4.5))"",""severity"":""warning"",""reason"":""WCAG AA contrast""}","","WCAG AA contrast: fail (min ratio 1.18 (thresholds: fail < 3.0, warn < 4.5, pass >= 4.5))","","false","false","false","true","true","experiment/results/previews/31d94236-8f6e-495e-bc3f-063a96b392b6_yandex-rsy-240x400.svg","31d94236-8f6e-495e-bc3f-063a96b392b6_yandex-rsy-240x400.svg","928d83b3ddce2362dcb9d3cad2bd7b6750fa588b9dd2f28975494f2f86270320","4ae9e6d3efb13a5c2a0fdb38aedc06be0fc0cfd87dc8208a23dba2f878fa5981"
"31d94236-8f6e-495e-bc3f-063a96b392b6","novyy-proekt","novyy-proekt (3).json","yandex-rsy","yandex-rsy-300x250","minor","0.61","1","WCAG AA contrast: fail (min ratio 1.18 (thresholds: fail < 3.0, warn < 4.5, pass >= 4.5))","{""message"":""WCAG AA contrast: fail (min ratio 1.18 (thresholds: fail < 3.0, warn < 4.5, pass >= 4.5))"",""severity"":""warning"",""reason"":""WCAG AA contrast""}","","WCAG AA contrast: fail (min ratio 1.18 (thresholds: fail < 3.0, warn < 4.5, pass >= 4.5))","","false","false","false","true","true","experiment/results/previews/31d94236-8f6e-495e-bc3f-063a96b392b6_yandex-rsy-300x250.svg","31d94236-8f6e-495e-bc3f-063a96b392b6_yandex-rsy-300x250.svg","d9dcb8f6b04fa648e2a0de8e347b73806caa2b591d050b874f4a0e4de850a7ed","7aa55ea040c4540e7bc2e29801b6dc9a2da460f03d361df74976134851c53161"
"31d94236-8f6e-495e-bc3f-063a96b392b6","novyy-proekt","novyy-proekt (3).json","yandex-rsy","yandex-rsy-728x90","minor","0.58","1","WCAG AA contrast: fail (min ratio 1.18 (thresholds: fail < 3.0, warn < 4.5, pass >= 4.5))","{""message"":""WCAG AA contrast: fail (min ratio 1.18 (thresholds: fail < 3.0, warn < 4.5, pass >= 4.5))"",""severity"":""warning"",""reason"":""WCAG AA contrast""}","","WCAG AA contrast: fail (min ratio 1.18 (thresholds: fail < 3.0, warn < 4.5, pass >= 4.5))","","false","false","false","true","true","experiment/results/previews/31d94236-8f6e-495e-bc3f-063a96b392b6_yandex-rsy-728x90.svg","31d94236-8f6e-495e-bc3f-063a96b392b6_yandex-rsy-728x90.svg","00e1d0a1fff4b31279979d67330ceeba2593b62852f1eec9b7820f45d53ce889","24202e26ee371b742ea30e8fc1619df968bb7a1931b06411663e920de0ceadeb"
"8cd94f5c-fcdd-4a64-80c5-f90e04d9e3e5","novyy-proekt","novyy-proekt (4).json","vk","vk-square","minor","0.45","2","image: Image below fold (safe area) | image: outside canvas (6.0%)","{""message"":""image: Image below fold (safe area)"",""severity"":""warning"",""reason"":""safe zone""} | {""message"":""image: outside canvas (6.0%)"",""severity"":""warning"",""reason"":""image""}","","image: Image below fold (safe area) | image: outside canvas (6.0%)","","false","true","false","false","true","experiment/results/previews/8cd94f5c-fcdd-4a64-80c5-f90e04d9e3e5_vk-square.svg","8cd94f5c-fcdd-4a64-80c5-f90e04d9e3e5_vk-square.svg","e87e0fb5cddda1a8de4eb3e4785a31f761fa4dd40d10f573ce32bee29a4c6e08","652709dae5f27277a0c1d0fa9dd7fe223598c874adbc942798547e1595a05617"
"8cd94f5c-fcdd-4a64-80c5-f90e04d9e3e5","novyy-proekt","novyy-proekt (4).json","vk","vk-vertical","minor","0.32","2","image: Image below fold (safe area) | image: outside canvas (6.0%)","{""message"":""image: Image below fold (safe area)"",""severity"":""warning"",""reason"":""safe zone""} | {""message"":""image: outside canvas (6.0%)"",""severity"":""warning"",""reason"":""image""}","","image: Image below fold (safe area) | image: outside canvas (6.0%)","","false","true","false","false","true","experiment/results/previews/8cd94f5c-fcdd-4a64-80c5-f90e04d9e3e5_vk-vertical.svg","8cd94f5c-fcdd-4a64-80c5-f90e04d9e3e5_vk-vertical.svg","53d9de936224689b6f92e251d412f75246f2f98aace9c424a25686a3e2c739a1","4735516bed2e963c521182d6537b907d8aeedbd3ea4e3b17b915ea0ec7a0f863"
"8cd94f5c-fcdd-4a64-80c5-f90e04d9e3e5","novyy-proekt","novyy-proekt (4).json","vk","vk-landscape","ready","0.34","0","","","","","","false","false","false","false","true","experiment/results/previews/8cd94f5c-fcdd-4a64-80c5-f90e04d9e3e5_vk-landscape.svg","8cd94f5c-fcdd-4a64-80c5-f90e04d9e3e5_vk-landscape.svg","8491b61e9a01d504dc0b65ea7c061949dd0ec4d779aabe8c69848308743a878d","cab5b923235c936c02430c4d1af44a44956731837adb8a8443eda3c5e55c2047"
"8cd94f5c-fcdd-4a64-80c5-f90e04d9e3e5","novyy-proekt","novyy-proekt (4).json","vk","vk-stories","minor","0.42","2","image: Image below fold (safe area) | image: outside canvas (12.0%)","{""message"":""image: Image below fold (safe area)"",""severity"":""warning"",""reason"":""safe zone""} | {""message"":""image: outside canvas (12.0%)"",""severity"":""warning"",""reason"":""image""}","","image: Image below fold (safe area) | image: outside canvas (12.0%)","","false","true","false","false","true","experiment/results/previews/8cd94f5c-fcdd-4a64-80c5-f90e04d9e3e5_vk-stories.svg","8cd94f5c-fcdd-4a64-80c5-f90e04d9e3e5_vk-stories.svg","c807914f066c51b14a014b5a455fde0177eab43a10f3359cab2f789625801ced","52d5724e8aa96d29894f94c273bc347a205ed66d64bf7d2b34379ffb2685a0ae"
"8cd94f5c-fcdd-4a64-80c5-f90e04d9e3e5","novyy-proekt","novyy-proekt (4).json","telegram","telegram-story","minor","0.43","2","image: Image below fold (safe area) | image: outside canvas (12.0%)","{""message"":""image: Image below fold (safe area)"",""severity"":""warning"",""reason"":""safe zone""} | {""message"":""image: outside canvas (12.0%)"",""severity"":""warning"",""reason"":""image""}","","image: Image below fold (safe area) | image: outside canvas (12.0%)","","false","true","false","false","true","experiment/results/previews/8cd94f5c-fcdd-4a64-80c5-f90e04d9e3e5_telegram-story.svg","8cd94f5c-fcdd-4a64-80c5-f90e04d9e3e5_telegram-story.svg","c807914f066c51b14a014b5a455fde0177eab43a10f3359cab2f789625801ced","16791926a31b08e3bc26062e593d731952158da9188ffeb9f011874ac1558ee4"
"8cd94f5c-fcdd-4a64-80c5-f90e04d9e3e5","novyy-proekt","novyy-proekt (4).json","instagram","instagram-story","minor","0.45","2","image: Image below fold (safe area) | image: outside canvas (14.0%)","{""message"":""image: Image below fold (safe area)"",""severity"":""warning"",""reason"":""safe zone""} | {""message"":""image: outside canvas (14.0%)"",""severity"":""warning"",""reason"":""image""}","","image: Image below fold (safe area) | image: outside canvas (14.0%)","","false","true","false","false","true","experiment/results/previews/8cd94f5c-fcdd-4a64-80c5-f90e04d9e3e5_instagram-story.svg","8cd94f5c-fcdd-4a64-80c5-f90e04d9e3e5_instagram-story.svg","22451b0a6c40274ed782b510e0116c420a2e201c77afbc5efa89c77c511a3c8a","16b6c259860fd073f97e0299ed004226ac274722321173a6c970c949542d212d"
"8cd94f5c-fcdd-4a64-80c5-f90e04d9e3e5","novyy-proekt","novyy-proekt (4).json","wildberries","wb-card","ready","0.31","1","title: Title sits on image without scrim","{""message"":""title: Title sits on image without scrim"",""severity"":""info"",""reason"":""image""}","","","title: Title sits on image without scrim","false","false","false","false","true","experiment/results/previews/8cd94f5c-fcdd-4a64-80c5-f90e04d9e3e5_wb-card.svg","8cd94f5c-fcdd-4a64-80c5-f90e04d9e3e5_wb-card.svg","6dc389bf6c5c04218ae7f129db4d201abe46ba156f6405e7571f5ac934dc5426","35a6c1ce200922743d1a659d52d916e3cd9e2464d2f71ab10b007f7b998067ea"
"8cd94f5c-fcdd-4a64-80c5-f90e04d9e3e5","novyy-proekt","novyy-proekt (4).json","wildberries","wb-infographic","ready","0.26","1","title: Title sits on image without scrim","{""message"":""title: Title sits on image without scrim"",""severity"":""info"",""reason"":""image""}","","","title: Title sits on image without scrim","false","false","false","false","true","experiment/results/previews/8cd94f5c-fcdd-4a64-80c5-f90e04d9e3e5_wb-infographic.svg","8cd94f5c-fcdd-4a64-80c5-f90e04d9e3e5_wb-infographic.svg","955a825f9dcee5ad3a5f607e59da43cf7e532d234ee63e31c9ff2025c14f372d","a6cfa4f7654e2bc9cd2f595a3710fa4a39ee67d2ebcccd4efafc11a7a8ded417"
"8cd94f5c-fcdd-4a64-80c5-f90e04d9e3e5","novyy-proekt","novyy-proekt (4).json","ozon","ozon-card","ready","0.29","1","title: Title sits on image without scrim","{""message"":""title: Title sits on image without scrim"",""severity"":""info"",""reason"":""image""}","","","title: Title sits on image without scrim","false","false","false","false","true","experiment/results/previews/8cd94f5c-fcdd-4a64-80c5-f90e04d9e3e5_ozon-card.svg","8cd94f5c-fcdd-4a64-80c5-f90e04d9e3e5_ozon-card.svg","6dc389bf6c5c04218ae7f129db4d201abe46ba156f6405e7571f5ac934dc5426","be9bb3af28a11dd8e8ddb2629466bfaf1be32bf6a3b26239349f4eedd383379d"
"8cd94f5c-fcdd-4a64-80c5-f90e04d9e3e5","novyy-proekt","novyy-proekt (4).json","ozon","ozon-fresh-square","ready","0.27","0","","","","","","false","false","false","false","true","experiment/results/previews/8cd94f5c-fcdd-4a64-80c5-f90e04d9e3e5_ozon-fresh-square.svg","8cd94f5c-fcdd-4a64-80c5-f90e04d9e3e5_ozon-fresh-square.svg","d1cd5d56c5afcdcf97248626ef46ae2ac7340e1a3c8830befd23b0716d52e360","888c8e1f6db3f3fd19634f7d8001daebfa4afe46d4a2b838663aa9f4c7a23cc9"
"8cd94f5c-fcdd-4a64-80c5-f90e04d9e3e5","novyy-proekt","novyy-proekt (4).json","yandex-market","yandex-market-card","ready","0.24","0","","","","","","false","false","false","false","true","experiment/results/previews/8cd94f5c-fcdd-4a64-80c5-f90e04d9e3e5_yandex-market-card.svg","8cd94f5c-fcdd-4a64-80c5-f90e04d9e3e5_yandex-market-card.svg","d1cd5d56c5afcdcf97248626ef46ae2ac7340e1a3c8830befd23b0716d52e360","146286f4224f98d69df498caa0da3e5292dbf217c920c78c49e243e0de141613"
"8cd94f5c-fcdd-4a64-80c5-f90e04d9e3e5","novyy-proekt","novyy-proekt (4).json","yandex-market","yandex-market-banner","ready","0.26","0","","","","","","false","false","false","false","true","experiment/results/previews/8cd94f5c-fcdd-4a64-80c5-f90e04d9e3e5_yandex-market-banner.svg","8cd94f5c-fcdd-4a64-80c5-f90e04d9e3e5_yandex-market-banner.svg","c0e34c6fd70444b61736192b81d023fa8d75d6e15a2ce8f276a4f63c4c749aea","aa35d3dd6c658b280bad41f15b32c652a9cc6942d7177f9655d40367ffcff5b4"
"8cd94f5c-fcdd-4a64-80c5-f90e04d9e3e5","novyy-proekt","novyy-proekt (4).json","yandex-market","yandex-market-stretch","ready","0.27","0","","","","","","false","false","false","false","true","experiment/results/previews/8cd94f5c-fcdd-4a64-80c5-f90e04d9e3e5_yandex-market-stretch.svg","8cd94f5c-fcdd-4a64-80c5-f90e04d9e3e5_yandex-market-stretch.svg","970e5b16bad768d01b8bb3aeeff20b9e9c81f3455da3a8b3019fd37430ed5240","a5b044de2a95f9bad83eab792a2efd30c0e51548389204f6704f31c0e190de72"
"8cd94f5c-fcdd-4a64-80c5-f90e04d9e3e5","novyy-proekt","novyy-proekt (4).json","yandex-market","yandex-market-vertical","ready","0.26","1","title: Title sits on image without scrim","{""message"":""title: Title sits on image without scrim"",""severity"":""info"",""reason"":""image""}","","","title: Title sits on image without scrim","false","false","false","false","true","experiment/results/previews/8cd94f5c-fcdd-4a64-80c5-f90e04d9e3e5_yandex-market-vertical.svg","8cd94f5c-fcdd-4a64-80c5-f90e04d9e3e5_yandex-market-vertical.svg","fea28a937e29063d71ec0b613e1645fada178a30af9a7c084b14495c5a3bbba8","e419e91b1fe017e63edd503fc5163ae1bda31da6087f4e34dca784e1c8d14525"
"8cd94f5c-fcdd-4a64-80c5-f90e04d9e3e5","novyy-proekt","novyy-proekt (4).json","avito","avito-listing","ready","0.3","0","","","","","","false","false","false","false","true","experiment/results/previews/8cd94f5c-fcdd-4a64-80c5-f90e04d9e3e5_avito-listing.svg","8cd94f5c-fcdd-4a64-80c5-f90e04d9e3e5_avito-listing.svg","731fab719608aa7671c0e7ee2f293707b3aa7142f532e1956b4fec7761049ad1","a4ac0b78ec7bd12037a78a2c3e3ae9b1945e8400e53ea4744db092dfc30b4e79"
"8cd94f5c-fcdd-4a64-80c5-f90e04d9e3e5","novyy-proekt","novyy-proekt (4).json","avito","avito-fullscreen","minor","0.43","2","image: Image below fold (safe area) | image: outside canvas (12.0%)","{""message"":""image: Image below fold (safe area)"",""severity"":""warning"",""reason"":""safe zone""} | {""message"":""image: outside canvas (12.0%)"",""severity"":""warning"",""reason"":""image""}","","image: Image below fold (safe area) | image: outside canvas (12.0%)","","false","true","false","false","true","experiment/results/previews/8cd94f5c-fcdd-4a64-80c5-f90e04d9e3e5_avito-fullscreen.svg","8cd94f5c-fcdd-4a64-80c5-f90e04d9e3e5_avito-fullscreen.svg","c807914f066c51b14a014b5a455fde0177eab43a10f3359cab2f789625801ced","870c63212c607c3fc81c130735a4a3c62f619453008b07fdd04282e8115698c8"
"8cd94f5c-fcdd-4a64-80c5-f90e04d9e3e5","novyy-proekt","novyy-proekt (4).json","avito","avito-skyscraper","ready","0.29","0","","","","","","false","false","false","false","true","experiment/results/previews/8cd94f5c-fcdd-4a64-80c5-f90e04d9e3e5_avito-skyscraper.svg","8cd94f5c-fcdd-4a64-80c5-f90e04d9e3e5_avito-skyscraper.svg","b4fada1dfe3b11eb0fc5af5ab0e4e79d45a7615c0c2e6db02078ce2ec770191e","65d54fce4b416733258e310a8f4c65335244c24f9847cabbdeccbed1e3738fcc"
"8cd94f5c-fcdd-4a64-80c5-f90e04d9e3e5","novyy-proekt","novyy-proekt (4).json","yandex-rsy","yandex-rsy-240x400","ready","0.28","0","","","","","","false","false","false","false","true","experiment/results/previews/8cd94f5c-fcdd-4a64-80c5-f90e04d9e3e5_yandex-rsy-240x400.svg","8cd94f5c-fcdd-4a64-80c5-f90e04d9e3e5_yandex-rsy-240x400.svg","9d8321f8f20cf115d233112fc7b0a6b581eb3e04db054b218751e6cd8eeeb446","4b01105aaed51913f2d3971978d1b94867077683cc18958584809cb40a78d46e"
"8cd94f5c-fcdd-4a64-80c5-f90e04d9e3e5","novyy-proekt","novyy-proekt (4).json","yandex-rsy","yandex-rsy-300x250","ready","0.29","0","","","","","","false","false","false","false","true","experiment/results/previews/8cd94f5c-fcdd-4a64-80c5-f90e04d9e3e5_yandex-rsy-300x250.svg","8cd94f5c-fcdd-4a64-80c5-f90e04d9e3e5_yandex-rsy-300x250.svg","c9d921fbe6922c8a6c12ffee39fbdbcd03032629b227c9454b9c5cc26c8fbd5d","48808c65768e4fa12cabf37a71b47f5c6ff922c2f3b6c2d5d9ee509152171e4f"
"8cd94f5c-fcdd-4a64-80c5-f90e04d9e3e5","novyy-proekt","novyy-proekt (4).json","yandex-rsy","yandex-rsy-728x90","ready","0.26","0","","","","","","false","false","false","false","true","experiment/results/previews/8cd94f5c-fcdd-4a64-80c5-f90e04d9e3e5_yandex-rsy-728x90.svg","8cd94f5c-fcdd-4a64-80c5-f90e04d9e3e5_yandex-rsy-728x90.svg","65be8ee499c01c381182f45bbb3a46b183b8b24075a0895883ac1e9a50fb0594","cb4d6913dc457226e91cd1bc5fd4fe2bdc70bea8c679faae203fbab4412dd7e0"
"540212db-5d0e-4b6e-971b-8210ae4076c6","novyy-proekt","novyy-proekt.json","vk","vk-square","minor","0.53","2","image: Image below fold (safe area) | image: outside canvas (6.0%)","{""message"":""image: Image below fold (safe area)"",""severity"":""warning"",""reason"":""safe zone""} | {""message"":""image: outside canvas (6.0%)"",""severity"":""warning"",""reason"":""image""}","","image: Image below fold (safe area) | image: outside canvas (6.0%)","","false","true","false","false","true","experiment/results/previews/540212db-5d0e-4b6e-971b-8210ae4076c6_vk-square.svg","540212db-5d0e-4b6e-971b-8210ae4076c6_vk-square.svg","8934bc660f1a644752bcfe2cc6a55c7cd84997276ab69e8ef60a1ad6fa83a4f6","0110b96f38bbc0966b92b704af5959b65f150350ad13fdbc7876ffd7f8ad274d"
"540212db-5d0e-4b6e-971b-8210ae4076c6","novyy-proekt","novyy-proekt.json","vk","vk-vertical","minor","0.66","2","image: Image below fold (safe area) | image: outside canvas (6.0%)","{""message"":""image: Image below fold (safe area)"",""severity"":""warning"",""reason"":""safe zone""} | {""message"":""image: outside canvas (6.0%)"",""severity"":""warning"",""reason"":""image""}","","image: Image below fold (safe area) | image: outside canvas (6.0%)","","false","true","false","false","true","experiment/results/previews/540212db-5d0e-4b6e-971b-8210ae4076c6_vk-vertical.svg","540212db-5d0e-4b6e-971b-8210ae4076c6_vk-vertical.svg","30354a843af370f37fc26c58544ebf8b5f5e45887e57c14817f8cde890638e47","fa405010868f431af3727dbf6e09ef4448c4063469e8d01c3a8b139edbae5899"
"540212db-5d0e-4b6e-971b-8210ae4076c6","novyy-proekt","novyy-proekt.json","vk","vk-landscape","ready","0.66","0","","","","","","false","false","false","false","true","experiment/results/previews/540212db-5d0e-4b6e-971b-8210ae4076c6_vk-landscape.svg","540212db-5d0e-4b6e-971b-8210ae4076c6_vk-landscape.svg","725131b9cd7491e11da7dd19cd19784fde24322bc678e9aac18a2f0d3f4b32ad","64e918f5c78291c7706997dbd7a14ef40a8d3aeb09e0d9ff315f7fb99f2a269a"
"540212db-5d0e-4b6e-971b-8210ae4076c6","novyy-proekt","novyy-proekt.json","vk","vk-stories","minor","0.63","2","image: Image below fold (safe area) | image: outside canvas (12.0%)","{""message"":""image: Image below fold (safe area)"",""severity"":""warning"",""reason"":""safe zone""} | {""message"":""image: outside canvas (12.0%)"",""severity"":""warning"",""reason"":""image""}","","image: Image below fold (safe area) | image: outside canvas (12.0%)","","false","true","false","false","true","experiment/results/previews/540212db-5d0e-4b6e-971b-8210ae4076c6_vk-stories.svg","540212db-5d0e-4b6e-971b-8210ae4076c6_vk-stories.svg","9583dbf730c8c5f7a9406c8a7e2e077b6b10e22c3c54a8f2146ae5b304c61e8c","3d4fc3ecaed98fa1d078a949bbf1faaa3063b539875d5ce7fe9b5b9f0255fe0a"
"540212db-5d0e-4b6e-971b-8210ae4076c6","novyy-proekt","novyy-proekt.json","telegram","telegram-story","minor","0.65","2","image: Image below fold (safe area) | image: outside canvas (12.0%)","{""message"":""image: Image below fold (safe area)"",""severity"":""warning"",""reason"":""safe zone""} | {""message"":""image: outside canvas (12.0%)"",""severity"":""warning"",""reason"":""image""}","","image: Image below fold (safe area) | image: outside canvas (12.0%)","","false","true","false","false","true","experiment/results/previews/540212db-5d0e-4b6e-971b-8210ae4076c6_telegram-story.svg","540212db-5d0e-4b6e-971b-8210ae4076c6_telegram-story.svg","9583dbf730c8c5f7a9406c8a7e2e077b6b10e22c3c54a8f2146ae5b304c61e8c","3c76ffc13d6fb9ca345466ab449985fe6bf49585085c69e7aee2813d56ef377e"
"540212db-5d0e-4b6e-971b-8210ae4076c6","novyy-proekt","novyy-proekt.json","instagram","instagram-story","minor","0.72","2","image: Image below fold (safe area) | image: outside canvas (14.0%)","{""message"":""image: Image below fold (safe area)"",""severity"":""warning"",""reason"":""safe zone""} | {""message"":""image: outside canvas (14.0%)"",""severity"":""warning"",""reason"":""image""}","","image: Image below fold (safe area) | image: outside canvas (14.0%)","","false","true","false","false","true","experiment/results/previews/540212db-5d0e-4b6e-971b-8210ae4076c6_instagram-story.svg","540212db-5d0e-4b6e-971b-8210ae4076c6_instagram-story.svg","a4e5bfe6fc3293e0030ef7fc72cf7c1d2b33c565545cd3fd19d477f495e550c0","dcd1c6ea340f90e6ab9c5413987f27a5a655ff3496c067df1aba2f214da00d01"
"540212db-5d0e-4b6e-971b-8210ae4076c6","novyy-proekt","novyy-proekt.json","wildberries","wb-card","ready","0.52","1","title: Title sits on image without scrim","{""message"":""title: Title sits on image without scrim"",""severity"":""info"",""reason"":""image""}","","","title: Title sits on image without scrim","false","false","false","false","true","experiment/results/previews/540212db-5d0e-4b6e-971b-8210ae4076c6_wb-card.svg","540212db-5d0e-4b6e-971b-8210ae4076c6_wb-card.svg","3839522e390dd07905c0ff56d564af9f1c159ab41e2242cbffce0d31ab3becf1","30927cac494e17976cb9ef8f5f7cc16f4a0794385d71878d069117d4f440afe0"
"540212db-5d0e-4b6e-971b-8210ae4076c6","novyy-proekt","novyy-proekt.json","wildberries","wb-infographic","ready","0.6","1","title: Title sits on image without scrim","{""message"":""title: Title sits on image without scrim"",""severity"":""info"",""reason"":""image""}","","","title: Title sits on image without scrim","false","false","false","false","true","experiment/results/previews/540212db-5d0e-4b6e-971b-8210ae4076c6_wb-infographic.svg","540212db-5d0e-4b6e-971b-8210ae4076c6_wb-infographic.svg","956826a1c2d001af640cfab3f3e71605fc89f71ccc9a130a293c2e464b91d19d","e200236be9baa827988c4da1701cbdd055b9da874983da225e0a4f524a618d2c"
"540212db-5d0e-4b6e-971b-8210ae4076c6","novyy-proekt","novyy-proekt.json","ozon","ozon-card","ready","0.6","1","title: Title sits on image without scrim","{""message"":""title: Title sits on image without scrim"",""severity"":""info"",""reason"":""image""}","","","title: Title sits on image without scrim","false","false","false","false","true","experiment/results/previews/540212db-5d0e-4b6e-971b-8210ae4076c6_ozon-card.svg","540212db-5d0e-4b6e-971b-8210ae4076c6_ozon-card.svg","3839522e390dd07905c0ff56d564af9f1c159ab41e2242cbffce0d31ab3becf1","502846a06a653c094aba615a5d496c337b602bfc631201c469710a91ae01ec07"
"540212db-5d0e-4b6e-971b-8210ae4076c6","novyy-proekt","novyy-proekt.json","ozon","ozon-fresh-square","ready","0.57","0","","","","","","false","false","false","false","true","experiment/results/previews/540212db-5d0e-4b6e-971b-8210ae4076c6_ozon-fresh-square.svg","540212db-5d0e-4b6e-971b-8210ae4076c6_ozon-fresh-square.svg","fb91b0204f0341bd281e5b92bb324ffd8d3861f92f697c8037772675049b603b","f0244f08ed1d30de7f74e565b18bd018a56ffeef330cf9fb88a34141f07e11f3"
"540212db-5d0e-4b6e-971b-8210ae4076c6","novyy-proekt","novyy-proekt.json","yandex-market","yandex-market-card","ready","0.93","0","","","","","","false","false","false","false","true","experiment/results/previews/540212db-5d0e-4b6e-971b-8210ae4076c6_yandex-market-card.svg","540212db-5d0e-4b6e-971b-8210ae4076c6_yandex-market-card.svg","fb91b0204f0341bd281e5b92bb324ffd8d3861f92f697c8037772675049b603b","c186b0c3cc4df0b572f84e8c04b8c9c19d2ce0484ee6660e0d07df9b3e96aae1"
"540212db-5d0e-4b6e-971b-8210ae4076c6","novyy-proekt","novyy-proekt.json","yandex-market","yandex-market-banner","ready","0.78","0","","","","","","false","false","false","false","true","experiment/results/previews/540212db-5d0e-4b6e-971b-8210ae4076c6_yandex-market-banner.svg","540212db-5d0e-4b6e-971b-8210ae4076c6_yandex-market-banner.svg","1b3238ea5ce50971f7f9cccd4e0ea70848767c9a26c187b54a4c796ac421887d","30b260b4a8521e4226888d4e5e99f0182289486259575427f5a1f9a849059d7c"
"540212db-5d0e-4b6e-971b-8210ae4076c6","novyy-proekt","novyy-proekt.json","yandex-market","yandex-market-stretch","ready","0.52","0","","","","","","false","false","false","false","true","experiment/results/previews/540212db-5d0e-4b6e-971b-8210ae4076c6_yandex-market-stretch.svg","540212db-5d0e-4b6e-971b-8210ae4076c6_yandex-market-stretch.svg","caef703e7891d0cfade6a24ae36f1bc83ea6c3e202f89c8d5a052c9be09e6d88","0bcbd162c04b10cc6a140227ff5684e7c619468db10870701aa8cb3212ba3265"
"540212db-5d0e-4b6e-971b-8210ae4076c6","novyy-proekt","novyy-proekt.json","yandex-market","yandex-market-vertical","ready","0.61","1","title: Title sits on image without scrim","{""message"":""title: Title sits on image without scrim"",""severity"":""info"",""reason"":""image""}","","","title: Title sits on image without scrim","false","false","false","false","true","experiment/results/previews/540212db-5d0e-4b6e-971b-8210ae4076c6_yandex-market-vertical.svg","540212db-5d0e-4b6e-971b-8210ae4076c6_yandex-market-vertical.svg","65efa263c1a50881fd37e48b38d1127cd36d02a81e3a90f9118a65c0c091aedc","6b3b8359d22c25587b5e9c54114b6cb17fc4d8ee3bd4fcfacb05c304a61f11a3"
"540212db-5d0e-4b6e-971b-8210ae4076c6","novyy-proekt","novyy-proekt.json","avito","avito-listing","ready","0.63","0","","","","","","false","false","false","false","true","experiment/results/previews/540212db-5d0e-4b6e-971b-8210ae4076c6_avito-listing.svg","540212db-5d0e-4b6e-971b-8210ae4076c6_avito-listing.svg","2b60e21df772cee9acc26a55ddf04ad0478ca249711e4295e1f217f2b9e7e51e","34bcb839f8dc11330c3b7dab155bdedfe5cdbff6307c606a2852175a87821ef9"
"540212db-5d0e-4b6e-971b-8210ae4076c6","novyy-proekt","novyy-proekt.json","avito","avito-fullscreen","minor","0.65","2","image: Image below fold (safe area) | image: outside canvas (12.0%)","{""message"":""image: Image below fold (safe area)"",""severity"":""warning"",""reason"":""safe zone""} | {""message"":""image: outside canvas (12.0%)"",""severity"":""warning"",""reason"":""image""}","","image: Image below fold (safe area) | image: outside canvas (12.0%)","","false","true","false","false","true","experiment/results/previews/540212db-5d0e-4b6e-971b-8210ae4076c6_avito-fullscreen.svg","540212db-5d0e-4b6e-971b-8210ae4076c6_avito-fullscreen.svg","9583dbf730c8c5f7a9406c8a7e2e077b6b10e22c3c54a8f2146ae5b304c61e8c","5220dfcf894be643e82660594a1b8d3eca5e83f04d593a644458e2d9d015d0ca"
"540212db-5d0e-4b6e-971b-8210ae4076c6","novyy-proekt","novyy-proekt.json","avito","avito-skyscraper","ready","0.64","0","","","","","","false","false","false","false","true","experiment/results/previews/540212db-5d0e-4b6e-971b-8210ae4076c6_avito-skyscraper.svg","540212db-5d0e-4b6e-971b-8210ae4076c6_avito-skyscraper.svg","47858574f7ecbd865c0cda35eb320a1116a20614704e8978887917018b5224c7","6b27c7c88385b17c1e03d63ced05542105bb3d033807d2cb77b249aa7dea674d"
"540212db-5d0e-4b6e-971b-8210ae4076c6","novyy-proekt","novyy-proekt.json","yandex-rsy","yandex-rsy-240x400","ready","0.55","0","","","","","","false","false","false","false","true","experiment/results/previews/540212db-5d0e-4b6e-971b-8210ae4076c6_yandex-rsy-240x400.svg","540212db-5d0e-4b6e-971b-8210ae4076c6_yandex-rsy-240x400.svg","d4b1345d94d7bad535b99627285deed2d04b4857ac80942d5073efca9d5b84cc","b423e1920a80225f1bb1714d7f3df0ca55326b667a39fce154e51790cf73a53a"
"540212db-5d0e-4b6e-971b-8210ae4076c6","novyy-proekt","novyy-proekt.json","yandex-rsy","yandex-rsy-300x250","ready","0.6","0","","","","","","false","false","false","false","true","experiment/results/previews/540212db-5d0e-4b6e-971b-8210ae4076c6_yandex-rsy-300x250.svg","540212db-5d0e-4b6e-971b-8210ae4076c6_yandex-rsy-300x250.svg","9343a1f7695696b1b7e5f9f735d034e5ad25d39b9a1263922d086fa9e404e523","9ccdf7fc87c83d7f715db86fb5600737d5f5113211cdb1da0def0d9e7aca96a8"
"540212db-5d0e-4b6e-971b-8210ae4076c6","novyy-proekt","novyy-proekt.json","yandex-rsy","yandex-rsy-728x90","ready","0.54","0","","","","","","false","false","false","false","true","experiment/results/previews/540212db-5d0e-4b6e-971b-8210ae4076c6_yandex-rsy-728x90.svg","540212db-5d0e-4b6e-971b-8210ae4076c6_yandex-rsy-728x90.svg","9eb8f64690763b2379b67e111a3d4c985d90d981e18dcfbb0bf972e1b1f50a5f","39e6e57be89165f10bc6c711892cfda7efb0ae57efbfcec4949e72ec72e45db0"
